task_id	hash	process	tag	name	status	exit	cpus	duration	%cpu	rss	peak_rss	read_bytes
3	86/a62fff	SRA_PREFETCH	ERR2815290	SRA_PREFETCH (ERR2815290)	CACHED	0	1	11641	4.6	11288576	11288576	0
1	1c/a088a2	SRA_PREFETCH	ERR1017172	SRA_PREFETCH (ERR1017172)	CACHED	0	1	41760	6.0	11264000	11264000	88260608
2	5c/fda0f5	SRA_PREFETCH	ERR1017173	SRA_PREFETCH (ERR1017173)	CACHED	0	1	29464	6.6	11141120	11141120	6709248
6	27/55e927	SRA_PREFETCH	ERR2815291	SRA_PREFETCH (ERR2815291)	CACHED	0	1	9580	6.8	11247616	11247616	0
8	2b/c9eba3	SRA_PREFETCH	ERR2815292	SRA_PREFETCH (ERR2815292)	CACHED	0	1	7857	8.2	11235328	11235328	0
9	78/91f63b	SRA_PREFETCH	ERR2815293	SRA_PREFETCH (ERR2815293)	CACHED	0	1	8617	5.3	11190272	11190272	483328
11	3d/d5f02d	SRA_PREFETCH	ERR2815294	SRA_PREFETCH (ERR2815294)	CACHED	0	1	10569	5.9	11079680	11079680	0
13	04/0b6a58	SRA_PREFETCH	ERR2815296	SRA_PREFETCH (ERR2815296)	CACHED	0	1	10492	6.6	11079680	11079680	0
12	76/d501cc	SRA_PREFETCH	ERR2815295	SRA_PREFETCH (ERR2815295)	CACHED	0	1	14816	4.5	11169792	11169792	0
14	9e/794dcc	SRA_PREFETCH	ERR2815297	SRA_PREFETCH (ERR2815297)	CACHED	0	1	14214	3.7	11157504	11157504	0
15	ce/6337c6	SRA_PREFETCH	ERR2815298	SRA_PREFETCH (ERR2815298)	CACHED	0	1	6846	5.8	11202560	11202560	0
7	9e/9f8936	PARALLEL_FASTQ_DUMP_COMPRESS	ERR1017173	PARALLEL_FASTQ_DUMP_COMPRESS (ERR1017173)	CACHED	0	4	10120	349.4	201404416	203616256	876544
5	38/736308	SRA_DUMP	ERR1017173	SRA_DUMP (ERR1017173)	CACHED	0	4	2155	239.4	149340160	153669632	25653248
10	4f/664a48	SRA_DUMP_COMPRESS	ERR1017173	SRA_DUMP_COMPRESS (ERR1017173)	CACHED	0	4	9179	370.0	154382336	159027200	110592
4	f2/373c70	PARALLEL_FASTQ_DUMP	ERR1017173	PARALLEL_FASTQ_DUMP (ERR1017173)	CACHED	0	4	2719	254.9	191574016	191848448	192512
16	7a/6e853f	SRA_PREFETCH	ERR2815299	SRA_PREFETCH (ERR2815299)	CACHED	0	1	8458	5.6	11108352	11108352	0
17	67/1290d6	SRA_PREFETCH	ERR2815300	SRA_PREFETCH (ERR2815300)	CACHED	0	1	11204	3.9	11153408	11153408	0
22	f5/cfbfc0	SRA_PREFETCH	ERR2815301	SRA_PREFETCH (ERR2815301)	CACHED	0	1	6007	7.0	11153408	11153408	0
18	6e/272d0d	SRA_DUMP	ERR1017172	SRA_DUMP (ERR1017172)	CACHED	0	4	2357	276.2	154722304	156708864	520192
21	b0/5e3328	PARALLEL_FASTQ_DUMP_COMPRESS	ERR1017172	PARALLEL_FASTQ_DUMP_COMPRESS (ERR1017172)	CACHED	0	4	13908	321.9	202772480	206643200	729088
20	3f/4e83a2	SRA_DUMP_COMPRESS	ERR1017172	SRA_DUMP_COMPRESS (ERR1017172)	CACHED	0	4	14511	300.7	143425536	156143616	2232320
19	8c/4df056	PARALLEL_FASTQ_DUMP	ERR1017172	PARALLEL_FASTQ_DUMP (ERR1017172)	CACHED	0	4	3311	267.3	186138624	196116480	0
25	08/e4f89a	SRA_PREFETCH	ERR2815303	SRA_PREFETCH (ERR2815303)	CACHED	0	1	8442	5.8	11137024	11137024	0
24	0f/9ced19	SRA_PREFETCH	ERR2815302	SRA_PREFETCH (ERR2815302)	CACHED	0	1	8065	6.7	11415552	11415552	0
23	53/a0a598	SRA_DUMP	ERR2815290	SRA_DUMP (ERR2815290)	CACHED	0	4	940	130.6	11591680	11591680	4096
26	8e/ce53ec	SRA_PREFETCH	ERR2815304	SRA_PREFETCH (ERR2815304)	CACHED	0	1	10780	5.1	10862592	10862592	0
30	35/fdfb7b	SRA_PREFETCH	ERR2815305	SRA_PREFETCH (ERR2815305)	CACHED	0	1	19294	3.2	11091968	11091968	0
28	d1/47f259	PARALLEL_FASTQ_DUMP_COMPRESS	ERR2815290	PARALLEL_FASTQ_DUMP_COMPRESS (ERR2815290)	CACHED	0	4	2669	309.0	176914432	179986432	512000
27	3d/5ed3ef	SRA_DUMP_COMPRESS	ERR2815290	SRA_DUMP_COMPRESS (ERR2815290)	CACHED	0	4	2605	310.8	11370496	11370496	188416
29	2b/65406f	PARALLEL_FASTQ_DUMP	ERR2815290	PARALLEL_FASTQ_DUMP (ERR2815290)	CACHED	0	4	1019	142.9	15593472	15593472	0
31	b0/f9fd11	SRA_DUMP	ERR2815291	SRA_DUMP (ERR2815291)	CACHED	0	4	1133	159.7	11431936	11431936	188416
36	01/e533e0	PARALLEL_FASTQ_DUMP_COMPRESS	ERR2815291	PARALLEL_FASTQ_DUMP_COMPRESS (ERR2815291)	CACHED	0	4	3549	327.8	182771712	182968320	126976
35	ce/e32c1f	SRA_DUMP_COMPRESS	ERR2815291	SRA_DUMP_COMPRESS (ERR2815291)	CACHED	0	4	3452	329.3	11616256	11616256	16384
32	24/ef6918	SRA_PREFETCH	ERR2815306	SRA_PREFETCH (ERR2815306)	CACHED	0	1	8515	7.2	11161600	11161600	0
34	69/ba109d	SRA_PREFETCH	ERR2815308	SRA_PREFETCH (ERR2815308)	CACHED	0	1	9259	9.5	11137024	11137024	0
37	4b/9f62a0	PARALLEL_FASTQ_DUMP	ERR2815291	PARALLEL_FASTQ_DUMP (ERR2815291)	CACHED	0	4	1188	166.1	15847424	15847424	0
38	b5/958279	SRA_DUMP	ERR2815292	SRA_DUMP (ERR2815292)	CACHED	0	4	1017	143.6	11579392	11579392	0
39	7e/e18fe4	PARALLEL_FASTQ_DUMP_COMPRESS	ERR2815292	PARALLEL_FASTQ_DUMP_COMPRESS (ERR2815292)	CACHED	0	4	3505	325.2	176943104	180920320	544768
40	27/303183	SRA_DUMP_COMPRESS	ERR2815292	SRA_DUMP_COMPRESS (ERR2815292)	CACHED	0	4	3387	331.1	11464704	11464704	245760
43	ee/6e1611	PARALLEL_FASTQ_DUMP	ERR2815292	PARALLEL_FASTQ_DUMP (ERR2815292)	CACHED	0	4	1182	154.9	15605760	15605760	782336
44	61/63be48	PARALLEL_FASTQ_DUMP_COMPRESS	ERR2815293	PARALLEL_FASTQ_DUMP_COMPRESS (ERR2815293)	CACHED	0	4	3113	286.2	183099392	183099392	0
45	45/ad8d2e	SRA_DUMP	ERR2815293	SRA_DUMP (ERR2815293)	CACHED	0	4	1181	113.3	11362304	11362304	110592
46	1b/e6c6a8	SRA_DUMP_COMPRESS	ERR2815293	SRA_DUMP_COMPRESS (ERR2815293)	CACHED	0	4	2696	314.1	11485184	11485184	0
33	32/d64b68	SRA_PREFETCH	ERR2815307	SRA_PREFETCH (ERR2815307)	CACHED	0	1	7758	9.5	11075584	11075584	0
47	41/8dcde9	PARALLEL_FASTQ_DUMP	ERR2815293	PARALLEL_FASTQ_DUMP (ERR2815293)	CACHED	0	4	1180	132.3	13471744	13471744	516096
42	03/1109c7	SRA_PREFETCH	ERR2815310	SRA_PREFETCH (ERR2815310)	CACHED	0	1	10146	7.9	11247616	11247616	0
41	18/a219d4	SRA_PREFETCH	ERR2815309	SRA_PREFETCH (ERR2815309)	CACHED	0	1	8266	5.6	11259904	11259904	0
49	b9/d3721e	SRA_DUMP	ERR2815294	SRA_DUMP (ERR2815294)	CACHED	0	4	1072	140.5	11563008	11563008	0
50	07/39d776	SRA_DUMP_COMPRESS	ERR2815294	SRA_DUMP_COMPRESS (ERR2815294)	CACHED	0	4	4212	278.1	39772160	126320640	8192
48	f2/a62060	PARALLEL_FASTQ_DUMP_COMPRESS	ERR2815294	PARALLEL_FASTQ_DUMP_COMPRESS (ERR2815294)	CACHED	0	4	4070	328.1	177737728	177987584	0
55	af/c9bbf2	SRA_DUMP	ERR2815296	SRA_DUMP (ERR2815296)	CACHED	0	4	1298	102.0	38563840	125280256	0
53	ac/54d7dd	PARALLEL_FASTQ_DUMP	ERR2815294	PARALLEL_FASTQ_DUMP (ERR2815294)	CACHED	0	4	1174	164.0	15728640	15728640	0
57	b5/1a7843	PARALLEL_FASTQ_DUMP_COMPRESS	ERR2815296	PARALLEL_FASTQ_DUMP_COMPRESS (ERR2815296)	CACHED	0	4	3756	327.8	180486144	180486144	0
56	58/4bbfa7	SRA_DUMP_COMPRESS	ERR2815296	SRA_DUMP_COMPRESS (ERR2815296)	CACHED	0	4	3626	329.8	11567104	11567104	0
51	a5/bd418b	SRA_PREFETCH	ERR2815328	SRA_PREFETCH (ERR2815328)	CACHED	0	1	25347	2.4	11341824	11341824	0
58	15/9df0f3	SRA_DUMP	ERR2815295	SRA_DUMP (ERR2815295)	CACHED	0	4	1540	80.9	40812544	128143360	0
61	2d/75d852	SRA_DUMP_COMPRESS	ERR2815295	SRA_DUMP_COMPRESS (ERR2815295)	CACHED	0	4	3479	335.4	11554816	11554816	0
62	1d/8c6588	SRA_PREFETCH	ERR2815331	SRA_PREFETCH (ERR2815331)	CACHED	0	1	13803	3.3	11190272	11190272	0
54	be/05fa66	SRA_PREFETCH	ERR2815330	SRA_PREFETCH (ERR2815330)	CACHED	0	1	11407	6.4	11214848	11214848	0
59	60/29befb	PARALLEL_FASTQ_DUMP	ERR2815296	PARALLEL_FASTQ_DUMP (ERR2815296)	CACHED	0	4	1911	99.2	15613952	15613952	0
60	bd/a09d97	PARALLEL_FASTQ_DUMP_COMPRESS	ERR2815295	PARALLEL_FASTQ_DUMP_COMPRESS (ERR2815295)	CACHED	0	4	3725	319.6	177946624	178221056	106496
63	ee/469e67	SRA_DUMP	ERR2815297	SRA_DUMP (ERR2815297)	CACHED	0	4	1143	80.2	11542528	11542528	0
52	8b/bf1b07	SRA_PREFETCH	ERR2815329	SRA_PREFETCH (ERR2815329)	CACHED	0	1	17081	4.0	11198464	11198464	0
65	a3/c8912c	SRA_PREFETCH	ERR2815332	SRA_PREFETCH (ERR2815332)	CACHED	0	1	10651	5.8	11186176	11186176	0
64	b0/30f8a7	SRA_DUMP_COMPRESS	ERR2815297	SRA_DUMP_COMPRESS (ERR2815297)	CACHED	0	4	2555	310.7	11595776	11595776	0
66	29/0a90d1	SRA_PREFETCH	ERR2815333	SRA_PREFETCH (ERR2815333)	CACHED	0	1	9979	5.2	11128832	11128832	0
68	4c/639515	SRA_DUMP	ERR2815298	SRA_DUMP (ERR2815298)	CACHED	0	4	814	109.9	11509760	11509760	0
67	7e/0ad971	PARALLEL_FASTQ_DUMP	ERR2815295	PARALLEL_FASTQ_DUMP (ERR2815295)	CACHED	0	4	1832	91.0	15765504	15765504	0
70	ec/f2949d	SRA_PREFETCH	ERR2815334	SRA_PREFETCH (ERR2815334)	CACHED	0	1	10898	3.7	11182080	11182080	0
69	55/509f5a	PARALLEL_FASTQ_DUMP_COMPRESS	ERR2815297	PARALLEL_FASTQ_DUMP_COMPRESS (ERR2815297)	CACHED	0	4	2634	310.0	162811904	168423424	0
71	c4/8928c0	SRA_PREFETCH	DRR000001	SRA_PREFETCH (DRR000001)	CACHED	0	1	96967	6.4	11247616	11247616	0
72	f7/d5d9dc	SRA_DUMP_COMPRESS	ERR2815298	SRA_DUMP_COMPRESS (ERR2815298)	CACHED	0	4	2460	307.0	11608064	11608064	0
73	7d/e74fd6	SRA_PREFETCH	DRR000002	SRA_PREFETCH (DRR000002)	CACHED	0	1	44008	10.3	11247616	11247616	0
74	d5/e4a278	SRA_DUMP	ERR2815299	SRA_DUMP (ERR2815299)	CACHED	0	4	843	117.5	11485184	11485184	0
75	b1/f31b24	PARALLEL_FASTQ_DUMP	ERR2815297	PARALLEL_FASTQ_DUMP (ERR2815297)	CACHED	0	4	1340	89.7	15609856	15609856	0
77	fa/a62eb6	PARALLEL_FASTQ_DUMP_COMPRESS	ERR2815298	PARALLEL_FASTQ_DUMP_COMPRESS (ERR2815298)	CACHED	0	4	2621	305.4	163123200	169009152	0
79	60/88b0a2	SRA_DUMP_COMPRESS	ERR2815299	SRA_DUMP_COMPRESS (ERR2815299)	CACHED	0	4	2895	320.1	11563008	11563008	0
84	f7/ea02a5	PARALLEL_FASTQ_DUMP_COMPRESS	ERR2815299	PARALLEL_FASTQ_DUMP_COMPRESS (ERR2815299)	CACHED	0	4	3009	319.6	185716736	185716736	0
82	bc/087c17	PARALLEL_FASTQ_DUMP	ERR2815298	PARALLEL_FASTQ_DUMP (ERR2815298)	CACHED	0	4	972	126.3	15761408	15761408	0
76	90/014d4f	SRA_PREFETCH	DRR000117	SRA_PREFETCH (DRR000117)	CACHED	0	1	199022	7.3	11100160	11100160	0
78	10/73128e	SRA_PREFETCH	DRR000118	SRA_PREFETCH (DRR000118)	CACHED	0	1	240414	6.6	11243520	11243520	465563648
87	22/b73bbc	SRA_PREFETCH	DRR000348	SRA_PREFETCH (DRR000348)	CACHED	0	1	590987	6.9	11128832	11128832	2500079616
86	aa/7a7dae	SRA_PREFETCH	DRR000347	SRA_PREFETCH (DRR000347)	CACHED	0	1	432053	6.6	11026432	11026432	753057792
88	2b/fafe37	PARALLEL_FASTQ_DUMP	ERR2815299	PARALLEL_FASTQ_DUMP (ERR2815299)	CACHED	0	4	1054	143.9	15769600	15769600	0
81	f1/ef8b03	SRA_DUMP	ERR2815301	SRA_DUMP (ERR2815301)	CACHED	0	4	834	109.7	11288576	11288576	0
83	86/7133b3	SRA_DUMP_COMPRESS	ERR2815301	SRA_DUMP_COMPRESS (ERR2815301)	CACHED	0	4	2248	292.1	11530240	11530240	0
85	a1/7132bc	PARALLEL_FASTQ_DUMP_COMPRESS	ERR2815301	PARALLEL_FASTQ_DUMP_COMPRESS (ERR2815301)	CACHED	0	4	2297	294.7	162869248	169046016	0
92	d8/d3d842	SRA_DUMP	ERR2815300	SRA_DUMP (ERR2815300)	CACHED	0	4	915	113.4	11460608	11460608	0
91	da/c8df91	PARALLEL_FASTQ_DUMP	ERR2815301	PARALLEL_FASTQ_DUMP (ERR2815301)	CACHED	0	4	950	128.4	15773696	15773696	0
93	d4/07bbf8	SRA_DUMP_COMPRESS	ERR2815300	SRA_DUMP_COMPRESS (ERR2815300)	CACHED	0	4	2552	308.8	11452416	11452416	0
94	c1/f97668	PARALLEL_FASTQ_DUMP_COMPRESS	ERR2815300	PARALLEL_FASTQ_DUMP_COMPRESS (ERR2815300)	CACHED	0	4	2654	305.6	162652160	169947136	0
95	68/1cf32e	SRA_DUMP	ERR2815303	SRA_DUMP (ERR2815303)	CACHED	0	4	852	116.5	11517952	11517952	0
96	66/39bdc9	PARALLEL_FASTQ_DUMP	ERR2815300	PARALLEL_FASTQ_DUMP (ERR2815300)	CACHED	0	4	993	133.1	15601664	15601664	0
99	60/3d0482	SRA_DUMP	ERR2815302	SRA_DUMP (ERR2815302)	CACHED	0	4	878	126.8	11321344	11321344	0
97	dd/f52d83	SRA_DUMP_COMPRESS	ERR2815303	SRA_DUMP_COMPRESS (ERR2815303)	CACHED	0	4	2673	316.3	11644928	11644928	0
98	83/be1f79	PARALLEL_FASTQ_DUMP_COMPRESS	ERR2815303	PARALLEL_FASTQ_DUMP_COMPRESS (ERR2815303)	CACHED	0	4	2831	313.3	181026816	181129216	0
101	19/865f63	SRA_DUMP	ERR2815304	SRA_DUMP (ERR2815304)	CACHED	0	4	926	143.7	11628544	11628544	0
102	99/562852	SRA_DUMP_COMPRESS	ERR2815302	SRA_DUMP_COMPRESS (ERR2815302)	CACHED	0	4	2901	321.1	11407360	11407360	0
103	b6/42f6e3	PARALLEL_FASTQ_DUMP_COMPRESS	ERR2815302	PARALLEL_FASTQ_DUMP_COMPRESS (ERR2815302)	CACHED	0	4	3059	320.1	182132736	182132736	0
100	97/a1a3fb	PARALLEL_FASTQ_DUMP	ERR2815303	PARALLEL_FASTQ_DUMP (ERR2815303)	CACHED	0	4	979	132.8	15753216	15753216	0
104	21/251ff9	SRA_DUMP	ERR2815305	SRA_DUMP (ERR2815305)	CACHED	0	4	957	141.4	11677696	11677696	0
106	f4/066ab6	PARALLEL_FASTQ_DUMP_COMPRESS	ERR2815304	PARALLEL_FASTQ_DUMP_COMPRESS (ERR2815304)	CACHED	0	4	3051	319.8	179781632	179781632	0
105	81/d120a1	SRA_DUMP_COMPRESS	ERR2815304	SRA_DUMP_COMPRESS (ERR2815304)	CACHED	0	4	3080	318.1	11505664	11505664	0
80	b9/a267d6	SRA_PREFETCH	DRR000346	SRA_PREFETCH (DRR000346)	CACHED	0	1	680396	6.2	11145216	11145216	3024601088
108	1b/deb2c7	SRA_DUMP	ERR2815306	SRA_DUMP (ERR2815306)	CACHED	0	4	900	135.1	11546624	11546624	0
107	49/6f51d5	PARALLEL_FASTQ_DUMP	ERR2815302	PARALLEL_FASTQ_DUMP (ERR2815302)	CACHED	0	4	1031	144.2	15622144	15622144	0
109	64/be73f7	SRA_DUMP_COMPRESS	ERR2815305	SRA_DUMP_COMPRESS (ERR2815305)	CACHED	0	4	3183	324.5	11444224	11444224	0
112	c9/360f0e	SRA_DUMP	ERR2815308	SRA_DUMP (ERR2815308)	CACHED	0	4	1017	157.6	11497472	11497472	0
110	1a/adb0d6	PARALLEL_FASTQ_DUMP_COMPRESS	ERR2815305	PARALLEL_FASTQ_DUMP_COMPRESS (ERR2815305)	CACHED	0	4	3331	325.7	180486144	180592640	0
113	9c/168ddd	PARALLEL_FASTQ_DUMP	ERR2815304	PARALLEL_FASTQ_DUMP (ERR2815304)	CACHED	0	4	1091	153.4	15532032	15532032	0
111	4c/724147	SRA_PREFETCH	DRR000428	SRA_PREFETCH (DRR000428)	CACHED	0	1	1434710	5.9	11055104	11055104	3825176576
115	d2/fd0543	SRA_DUMP	ERR2815307	SRA_DUMP (ERR2815307)	CACHED	0	4	1070	172.2	11571200	11571200	0
89	af/92e5bc	SRA_PREFETCH	DRR000426	SRA_PREFETCH (DRR000426)	CACHED	0	1	1680940	5.7	11374592	11374592	4865142784
117	fb/bb0805	SRA_PREFETCH	ERR4648980	SRA_PREFETCH (ERR4648980)	CACHED	0	1	3830	3.7	11194368	11194368	225280
118	a5/cec444	PARALLEL_FASTQ_DUMP	ERR2815305	PARALLEL_FASTQ_DUMP (ERR2815305)	CACHED	0	4	1145	167.7	15708160	15708160	0
116	2a/9a3100	PARALLEL_FASTQ_DUMP_COMPRESS	ERR2815306	PARALLEL_FASTQ_DUMP_COMPRESS (ERR2815306)	CACHED	0	4	3508	325.6	175636480	179662848	0
114	0a/1667f4	SRA_DUMP_COMPRESS	ERR2815306	SRA_DUMP_COMPRESS (ERR2815306)	CACHED	0	4	3494	330.8	11419648	11419648	0
121	f7/ea105e	SRA_PREFETCH	ERR4648982	SRA_PREFETCH (ERR4648982)	CACHED	0	1	4305	3.5	11001856	11001856	0
122	7c/3889e7	PARALLEL_FASTQ_DUMP	ERR2815306	PARALLEL_FASTQ_DUMP (ERR2815306)	CACHED	0	4	1143	145.0	15851520	15851520	0
90	9b/04ac47	SRA_PREFETCH	DRR000427	SRA_PREFETCH (DRR000427)	CACHED	0	1	1347105	7.2	12283904	12283904	5886021632
124	b0/2ce6d9	SRA_DUMP_COMPRESS	ERR2815308	SRA_DUMP_COMPRESS (ERR2815308)	CACHED	0	4	3969	340.0	11481088	11481088	0
127	9d/087e51	PARALLEL_FASTQ_DUMP	ERR2815308	PARALLEL_FASTQ_DUMP (ERR2815308)	CACHED	0	4	1259	172.6	15716352	15716352	0
119	4b/e14c2f	SRA_DUMP	ERR2815310	SRA_DUMP (ERR2815310)	CACHED	0	4	1190	177.8	11370496	11370496	0
123	a5/02363c	PARALLEL_FASTQ_DUMP_COMPRESS	ERR2815308	PARALLEL_FASTQ_DUMP_COMPRESS (ERR2815308)	CACHED	0	4	4261	330.3	180019200	180019200	0
130	21/d12d54	SRA_DUMP	ERR2815309	SRA_DUMP (ERR2815309)	CACHED	0	4	817	108.4	11517952	11517952	0
128	87/046751	PARALLEL_FASTQ_DUMP	ERR2815307	PARALLEL_FASTQ_DUMP (ERR2815307)	CACHED	0	4	1302	171.2	15835136	15835136	0
125	81/c01dca	SRA_PREFETCH	ERR4648983	SRA_PREFETCH (ERR4648983)	CACHED	0	1	4110	3.7	11206656	11206656	0
132	2c/4fc3e8	SRA_DUMP	ERR2815328	SRA_DUMP (ERR2815328)	CACHED	0	4	950	131.3	11321344	11321344	0
120	99/530359	SRA_PREFETCH	ERR4648981	SRA_PREFETCH (ERR4648981)	CACHED	0	1	12543	1.4	10915840	10915840	0
126	ae/52f256	SRA_PREFETCH	ERR4648984	SRA_PREFETCH (ERR4648984)	CACHED	0	1	5524	3.1	11173888	11173888	0
133	48/694cb5	PARALLEL_FASTQ_DUMP	ERR2815310	PARALLEL_FASTQ_DUMP (ERR2815310)	CACHED	0	4	1359	184.3	15781888	15781888	0
135	a8/4d8ee3	SRA_DUMP	ERR2815331	SRA_DUMP (ERR2815331)	CACHED	0	4	885	123.3	11522048	11522048	0
134	93/9eb028	SRA_PREFETCH	ERR4648985	SRA_PREFETCH (ERR4648985)	CACHED	0	1	4058	4.0	10878976	10878976	0
136	a8/abab5b	SRA_PREFETCH	ERR4648986	SRA_PREFETCH (ERR4648986)	CACHED	0	1	3755	4.3	11055104	11055104	0
139	4e/276a32	SRA_DUMP	ERR2815330	SRA_DUMP (ERR2815330)	CACHED	0	4	1024	161.1	11427840	11427840	0
138	ba/d14b43	PARALLEL_FASTQ_DUMP	ERR2815309	PARALLEL_FASTQ_DUMP (ERR2815309)	CACHED	0	4	951	128.1	15560704	15560704	0
129	72/cebc12	SRA_DUMP_COMPRESS	ERR2815307	SRA_DUMP_COMPRESS (ERR2815307)	CACHED	0	4	3949	338.9	11501568	11501568	0
131	f0/cd3d75	PARALLEL_FASTQ_DUMP_COMPRESS	ERR2815307	PARALLEL_FASTQ_DUMP_COMPRESS (ERR2815307)	CACHED	0	4	4128	333.5	181932032	182370304	0
142	06/10022b	SRA_DUMP	ERR2815329	SRA_DUMP (ERR2815329)	CACHED	0	4	928	139.7	11472896	11472896	0
143	c7/b496d5	PARALLEL_FASTQ_DUMP	ERR2815328	PARALLEL_FASTQ_DUMP (ERR2815328)	CACHED	0	4	1137	148.6	15618048	15618048	0
145	be/ed4c92	PARALLEL_FASTQ_DUMP_COMPRESS	ERR2815310	PARALLEL_FASTQ_DUMP_COMPRESS (ERR2815310)	CACHED	0	4	4535	344.2	180211712	181833728	0
137	a4/337bac	SRA_PREFETCH	ERR4648987	SRA_PREFETCH (ERR4648987)	CACHED	0	1	3883	3.4	11132928	11132928	0
146	d1/5c4fcf	SRA_DUMP	ERR2815332	SRA_DUMP (ERR2815332)	CACHED	0	4	974	149.0	11628544	11628544	0
140	f1/55060c	SRA_PREFETCH	ERR4648988	SRA_PREFETCH (ERR4648988)	CACHED	0	1	3936	3.6	10969088	10969088	0
147	11/8377a9	PARALLEL_FASTQ_DUMP	ERR2815331	PARALLEL_FASTQ_DUMP (ERR2815331)	CACHED	0	4	1017	140.8	15859712	15859712	0
141	d8/b83f73	SRA_PREFETCH	ERR4648989	SRA_PREFETCH (ERR4648989)	CACHED	0	1	3816	3.7	11038720	11038720	634880
148	25/e3a9a9	SRA_PREFETCH	ERR4648990	SRA_PREFETCH (ERR4648990)	CACHED	0	1	4202	3.9	11091968	11091968	69632
152	e6/58029a	PARALLEL_FASTQ_DUMP	ERR2815330	PARALLEL_FASTQ_DUMP (ERR2815330)	CACHED	0	4	1259	170.5	15818752	15818752	0
144	6d/562e8e	SRA_DUMP_COMPRESS	ERR2815310	SRA_DUMP_COMPRESS (ERR2815310)	CACHED	0	4	4348	347.4	11677696	11677696	0
155	a8/44e7cc	PARALLEL_FASTQ_DUMP	ERR2815329	PARALLEL_FASTQ_DUMP (ERR2815329)	CACHED	0	4	1187	152.4	15712256	15712256	0
150	d1/f86972	SRA_DUMP	ERR2815333	SRA_DUMP (ERR2815333)	CACHED	0	4	968	145.4	11526144	11526144	0
156	9c/11cacb	SRA_DUMP_COMPRESS	ERR2815309	SRA_DUMP_COMPRESS (ERR2815309)	CACHED	0	4	2546	300.5	11358208	11358208	0
157	2c/598e11	PARALLEL_FASTQ_DUMP	ERR2815332	PARALLEL_FASTQ_DUMP (ERR2815332)	CACHED	0	4	1171	166.1	15781888	15781888	0
158	c5/6764f1	SRA_DUMP	ERR2815334	SRA_DUMP (ERR2815334)	CACHED	0	4	811	98.9	11505664	11505664	0
159	dc/350317	SRA_DUMP_COMPRESS	ERR2815328	SRA_DUMP_COMPRESS (ERR2815328)	CACHED	0	4	3049	325.4	11321344	11321344	0
160	1f/e85165	PARALLEL_FASTQ_DUMP	ERR2815333	PARALLEL_FASTQ_DUMP (ERR2815333)	CACHED	0	4	1114	155.5	15790080	15790080	0
153	e4/1a9bcb	SRA_PREFETCH	ERR4648992	SRA_PREFETCH (ERR4648992)	CACHED	0	1	7591	2.1	10887168	10887168	24576
149	1f/8853c6	PARALLEL_FASTQ_DUMP_COMPRESS	ERR2815309	PARALLEL_FASTQ_DUMP_COMPRESS (ERR2815309)	CACHED	0	4	2613	304.1	163672064	169545728	0
163	7f/e637e7	PARALLEL_FASTQ_DUMP	ERR2815334	PARALLEL_FASTQ_DUMP (ERR2815334)	CACHED	0	4	922	118.2	15958016	15958016	0
162	15/5d52a0	SRA_DUMP_COMPRESS	ERR2815331	SRA_DUMP_COMPRESS (ERR2815331)	CACHED	0	4	2483	303.5	11366400	11366400	0
165	17/4bd0f3	PARALLEL_FASTQ_DUMP_COMPRESS	ERR2815328	PARALLEL_FASTQ_DUMP_COMPRESS (ERR2815328)	CACHED	0	4	3200	324.2	180113408	180113408	0
167	45/411a86	SRA_DUMP_COMPRESS	ERR2815330	SRA_DUMP_COMPRESS (ERR2815330)	CACHED	0	4	4093	343.0	11603968	11603968	0
166	70/e37b32	PARALLEL_FASTQ_DUMP	DRR000001	PARALLEL_FASTQ_DUMP (DRR000001)	CACHED	0	4	32143	137.7	220069888	222502912	0
168	2a/e36d4c	PARALLEL_FASTQ_DUMP_COMPRESS	ERR2815331	PARALLEL_FASTQ_DUMP_COMPRESS (ERR2815331)	CACHED	0	4	2627	307.1	164024320	169721856	0
151	3c/9b330c	SRA_PREFETCH	ERR4648991	SRA_PREFETCH (ERR4648991)	CACHED	0	1	4537	3.3	11190272	11190272	0
154	81/6a3ad6	SRA_PREFETCH	ERR4648993	SRA_PREFETCH (ERR4648993)	CACHED	0	1	3820	3.7	10838016	10838016	0
170	41/826397	PARALLEL_FASTQ_DUMP	DRR000002	PARALLEL_FASTQ_DUMP (DRR000002)	CACHED	0	4	19690	193.2	213815296	215334912	0
169	af/b6289e	SRA_DUMP_COMPRESS	ERR2815329	SRA_DUMP_COMPRESS (ERR2815329)	CACHED	0	4	3777	339.5	11497472	11497472	0
171	f1/415f9f	PARALLEL_FASTQ_DUMP_COMPRESS	ERR2815330	PARALLEL_FASTQ_DUMP_COMPRESS (ERR2815330)	CACHED	0	4	4423	328.9	180060160	180977664	0
164	1e/4bec35	SRA_PREFETCH	ERR4648994	SRA_PREFETCH (ERR4648994)	CACHED	0	1	4151	3.7	11055104	11055104	0
172	21/f26abe	SRA_PREFETCH	ERR4648995	SRA_PREFETCH (ERR4648995)	CACHED	0	1	3753	4.1	10924032	10924032	0
175	55/4afe88	SRA_DUMP_COMPRESS	ERR2815332	SRA_DUMP_COMPRESS (ERR2815332)	CACHED	0	4	3422	329.1	11464704	11464704	0
176	75/8b8834	PARALLEL_FASTQ_DUMP_COMPRESS	ERR2815329	PARALLEL_FASTQ_DUMP_COMPRESS (ERR2815329)	CACHED	0	4	4000	336.6	180424704	184279040	0
177	75/c49845	SRA_PREFETCH	ERR4648997	SRA_PREFETCH (ERR4648997)	CACHED	0	1	4118	4.0	11075584	11075584	0
178	67/68f67e	SRA_PREFETCH	ERR4648999	SRA_PREFETCH (ERR4648999)	CACHED	0	1	3802	4.0	11177984	11177984	0
180	84/204edf	SRA_DUMP_COMPRESS	ERR2815333	SRA_DUMP_COMPRESS (ERR2815333)	CACHED	0	4	2806	317.0	11481088	11481088	0
174	89/038077	PARALLEL_FASTQ_DUMP	DRR000118	PARALLEL_FASTQ_DUMP (DRR000118)	CACHED	0	4	96612	70.6	212705280	220913664	50659328
161	3d/a4090f	SRA_DUMP	DRR000001	SRA_DUMP (DRR000001)	CACHED	0	4	17408	152.2	153862144	154124288	0
183	74/e34c5a	SRA_DUMP_COMPRESS	ERR2815334	SRA_DUMP_COMPRESS (ERR2815334)	CACHED	0	4	2093	291.7	11341824	11341824	0
184	66/9a46da	PARALLEL_FASTQ_DUMP	DRR000117	PARALLEL_FASTQ_DUMP (DRR000117)	CACHED	0	4	133872	50.7	215687168	219402240	3559424
173	11/1b1aee	SRA_PREFETCH	ERR4648996	SRA_PREFETCH (ERR4648996)	CACHED	0	1	4354	4.4	11001856	11001856	0
185	66/612ac6	SRA_DUMP	DRR000002	SRA_DUMP (DRR000002)	CACHED	0	4	6478	332.2	153116672	153391104	0
186	2e/7b1faa	SRA_DUMP_COMPRESS	DRR000001	SRA_DUMP_COMPRESS (DRR000001)	CACHED	0	4	48621	379.4	151388160	153821184	4096
182	0f/8bfb10	SRA_PREFETCH	ERR4649001	SRA_PREFETCH (ERR4649001)	CACHED	0	1	6875	2.2	11046912	11046912	0
187	ce/158c40	SRA_PREFETCH	ERR4649002	SRA_PREFETCH (ERR4649002)	CACHED	0	1	7921	2.2	10932224	10932224	0
181	5d/c275bf	SRA_PREFETCH	ERR4649000	SRA_PREFETCH (ERR4649000)	CACHED	0	1	10983	2.2	10870784	10870784	0
188	7d/d813d8	PARALLEL_FASTQ_DUMP	DRR000348	PARALLEL_FASTQ_DUMP (DRR000348)	CACHED	0	4	174332	76.0	171388928	172482560	4874240
189	80/d2377b	SRA_DUMP	DRR000118	SRA_DUMP (DRR000118)	CACHED	0	4	87872	51.3	146145280	146685952	79540224
191	bf/030b17	SRA_PREFETCH	ERR4649003	SRA_PREFETCH (ERR4649003)	CACHED	0	1	5628	3.2	11128832	11128832	151552
179	3c/971259	PARALLEL_FASTQ_DUMP_COMPRESS	ERR2815332	PARALLEL_FASTQ_DUMP_COMPRESS (ERR2815332)	CACHED	0	4	3429	327.9	178638848	178638848	0
190	9c/b16b73	SRA_DUMP_COMPRESS	DRR000002	SRA_DUMP_COMPRESS (DRR000002)	CACHED	0	4	39761	383.3	152997888	152997888	0
194	eb/bdb86b	PARALLEL_FASTQ_DUMP	DRR000347	PARALLEL_FASTQ_DUMP (DRR000347)	CACHED	0	4	561041	27.5	171384832	175165440	166121472
195	a1/24095f	SRA_DUMP	DRR000117	SRA_DUMP (DRR000117)	CACHED	0	4	81250	59.4	144334848	145842176	171917312
197	7d/0fe327	PARALLEL_FASTQ_DUMP_COMPRESS	ERR2815333	PARALLEL_FASTQ_DUMP_COMPRESS (ERR2815333)	CACHED	0	4	2842	314.3	187518976	187518976	0
198	14/210d28	SRA_DUMP_COMPRESS	DRR000118	SRA_DUMP_COMPRESS (DRR000118)	CACHED	0	4	169218	317.0	146288640	147148800	458633216
199	9a/fa3ab6	PARALLEL_FASTQ_DUMP	DRR000346	PARALLEL_FASTQ_DUMP (DRR000346)	CACHED	0	4	385376	37.6	172285952	176398336	0
200	a9/56baa1	SRA_DUMP	DRR000348	SRA_DUMP (DRR000348)	CACHED	0	4	282554	39.4	109846528	110014464	2691252224
201	a1/f8d11c	PARALLEL_FASTQ_DUMP_COMPRESS	ERR2815334	PARALLEL_FASTQ_DUMP_COMPRESS (ERR2815334)	CACHED	0	4	2181	289.8	162775040	170328064	0
202	32/c3bd44	SRA_DUMP_COMPRESS	DRR000117	SRA_DUMP_COMPRESS (DRR000117)	CACHED	0	4	310109	157.5	146653184	146653184	3396616192
196	29/67f654	SRA_PREFETCH	ERR4649006	SRA_PREFETCH (ERR4649006)	CACHED	0	1	4493	4.2	11018240	11018240	368640
193	cd/39049f	SRA_PREFETCH	ERR4649005	SRA_PREFETCH (ERR4649005)	CACHED	0	1	10463	1.5	11022336	11022336	475136
204	8e/f2cdf0	SRA_DUMP	DRR000347	SRA_DUMP (DRR000347)	CACHED	0	4	288621	49.5	108584960	109268992	863162368
205	93/1e8394	PARALLEL_FASTQ_DUMP_COMPRESS	DRR000001	PARALLEL_FASTQ_DUMP_COMPRESS (DRR000001)	CACHED	0	4	53145	379.7	224866304	227557376	0
207	34/1304ce	SRA_PREFETCH	ERR4649007	SRA_PREFETCH (ERR4649007)	CACHED	0	1	3849	4.5	10964992	10964992	0
208	70/e029fb	SRA_PREFETCH	ERR4649008	SRA_PREFETCH (ERR4649008)	CACHED	0	1	4465	3.2	11038720	11038720	0
192	07/f66d71	SRA_PREFETCH	ERR4649004	SRA_PREFETCH (ERR4649004)	CACHED	0	1	4056	4.0	11079680	11079680	0
209	fc/7a5f5e	SRA_DUMP	DRR000346	SRA_DUMP (DRR000346)	CACHED	0	4	329776	38.0	110104576	110604288	3007954944
210	25/04e066	PARALLEL_FASTQ_DUMP_COMPRESS	DRR000002	PARALLEL_FASTQ_DUMP_COMPRESS (DRR000002)	CACHED	0	4	42510	387.6	220037120	221364224	0
215	b7/cd9914	PARALLEL_FASTQ_DUMP_COMPRESS	DRR000118	PARALLEL_FASTQ_DUMP_COMPRESS (DRR000118)	CACHED	0	4	155705	353.5	221286400	223539200	16101376
216	66/38547f	PARALLEL_FASTQ_DUMP_COMPRESS	DRR000117	PARALLEL_FASTQ_DUMP_COMPRESS (DRR000117)	CACHED	0	4	198108	242.9	223129600	225828864	32272384
217	af/671db2	PARALLEL_FASTQ_DUMP_COMPRESS	DRR000348	PARALLEL_FASTQ_DUMP_COMPRESS (DRR000348)	CACHED	0	4	446258	297.3	177209344	177827840	306778112
218	c0/de034b	PARALLEL_FASTQ_DUMP_COMPRESS	DRR000347	PARALLEL_FASTQ_DUMP_COMPRESS (DRR000347)	CACHED	0	4	526536	253.1	173809664	173879296	1149304832
219	72/d7b714	PARALLEL_FASTQ_DUMP_COMPRESS	DRR000346	PARALLEL_FASTQ_DUMP_COMPRESS (DRR000346)	CACHED	0	4	573295	247.6	175415296	178475008	247791616
206	c4/d87022	SRA_DUMP_COMPRESS	DRR000348	SRA_DUMP_COMPRESS (DRR000348)	CACHED	0	4	384616	327.2	109592576	110223360	2708922368
222	b4/b49ac6	SRA_DUMP_COMPRESS	DRR000347	SRA_DUMP_COMPRESS (DRR000347)	CACHED	0	4	1227885	116.4	108871680	108892160	11919872000
212	a2/e071fb	SRA_PREFETCH	DRR000022	SRA_PREFETCH (DRR000022)	CACHED	0	1	50986	6.2	11177984	11177984	28569600
211	94/585912	SRA_PREFETCH	ERR4649009	SRA_PREFETCH (ERR4649009)	CACHED	0	1	3704	3.8	11030528	11030528	0
213	b3/c97564	SRA_PREFETCH	DRR000023	SRA_PREFETCH (DRR000023)	CACHED	0	1	58397	5.5	11137024	11137024	174723072
224	c3/837aec	SRA_DUMP_COMPRESS	DRR000346	SRA_DUMP_COMPRESS (DRR000346)	CACHED	0	4	408524	334.3	109895680	110374912	125743104
228	ec/66bcea	SRA_PREFETCH	DRR000026	SRA_PREFETCH (DRR000026)	CACHED	0	1	42209	16.8	10862592	10862592	0
226	d2/79a44b	SRA_PREFETCH	DRR000025	SRA_PREFETCH (DRR000025)	CACHED	0	1	56714	12.5	10977280	10977280	0
225	d4/272cba	SRA_PREFETCH	DRR000024	SRA_PREFETCH (DRR000024)	CACHED	0	1	50206	11.5	11108352	11108352	2793472
229	43/e6fbec	SRA_PREFETCH	DRR000027	SRA_PREFETCH (DRR000027)	CACHED	0	1	60958	13.6	11300864	11300864	0
230	ef/56b2fc	SRA_PREFETCH	DRR000028	SRA_PREFETCH (DRR000028)	CACHED	0	1	55240	11.1	11042816	11042816	0
231	78/a0eefb	SRA_PREFETCH	DRR000029	SRA_PREFETCH (DRR000029)	CACHED	0	1	66341	12.3	11120640	11120640	0
221	8e/0d38af	SRA_DUMP	DRR000426	SRA_DUMP (DRR000426)	CACHED	0	4	204431	114.0	155934720	163184640	3364335616
223	5a/068a8f	PARALLEL_FASTQ_DUMP	DRR000426	PARALLEL_FASTQ_DUMP (DRR000426)	CACHED	0	4	213747	172.6	229613568	244080640	124223488
233	be/eb9621	SRA_PREFETCH	DRR000091	SRA_PREFETCH (DRR000091)	CACHED	0	1	119864	15.0	11010048	11010048	0
232	a9/a5bcdc	SRA_PREFETCH	DRR000030	SRA_PREFETCH (DRR000030)	CACHED	0	1	41520	14.1	11116544	11116544	0
235	3b/cf5cd1	SRA_DUMP_COMPRESS	DRR000426	SRA_DUMP_COMPRESS (DRR000426)	CACHED	0	4	874479	309.2	158486528	163622912	3316183040
237	25/1a5205	PARALLEL_FASTQ_DUMP	ERR4648980	PARALLEL_FASTQ_DUMP (ERR4648980)	CACHED	0	4	1025	76.1	15556608	15556608	0
234	9b/0a3b70	PARALLEL_FASTQ_DUMP_COMPRESS	DRR000426	PARALLEL_FASTQ_DUMP_COMPRESS (DRR000426)	CACHED	0	4	711657	394.2	234627072	248729600	35880960
238	32/63ac79	SRA_DUMP_COMPRESS	ERR4648980	SRA_DUMP_COMPRESS (ERR4648980)	CACHED	0	4	1176	189.6	11255808	11255808	0
242	92/7406ef	SRA_DUMP_COMPRESS	ERR4648982	SRA_DUMP_COMPRESS (ERR4648982)	CACHED	0	4	1205	198.0	11554816	11554816	106496
240	e4/16c05d	PARALLEL_FASTQ_DUMP	ERR4648982	PARALLEL_FASTQ_DUMP (ERR4648982)	CACHED	0	4	814	82.8	15654912	15654912	0
241	48/866045	PARALLEL_FASTQ_DUMP_COMPRESS	ERR4648980	PARALLEL_FASTQ_DUMP_COMPRESS (ERR4648980)	CACHED	0	4	1367	191.4	15380480	15380480	6619136
245	e2/12fe99	PARALLEL_FASTQ_DUMP_COMPRESS	ERR4648982	PARALLEL_FASTQ_DUMP_COMPRESS (ERR4648982)	CACHED	0	4	4897	52.1	93536256	93761536	8720384
248	93/50740e	SRA_DUMP_COMPRESS	ERR4648983	SRA_DUMP_COMPRESS (ERR4648983)	CACHED	0	4	1222	197.1	11321344	11321344	0
252	e4/7e8f53	SRA_DUMP_COMPRESS	ERR4648981	SRA_DUMP_COMPRESS (ERR4648981)	CACHED	0	4	1189	197.1	11538432	11538432	0
251	f3/0d0996	PARALLEL_FASTQ_DUMP_COMPRESS	ERR4648983	PARALLEL_FASTQ_DUMP_COMPRESS (ERR4648983)	CACHED	0	4	5313	46.9	54681600	55177216	7667712
255	a2/bd4982	SRA_DUMP_COMPRESS	ERR4648984	SRA_DUMP_COMPRESS (ERR4648984)	CACHED	0	4	1253	206.5	11436032	11436032	0
258	30/1f9cc1	SRA_DUMP_COMPRESS	ERR4648985	SRA_DUMP_COMPRESS (ERR4648985)	CACHED	0	4	1188	198.4	11497472	11497472	0
256	06/d0cc41	PARALLEL_FASTQ_DUMP_COMPRESS	ERR4648981	PARALLEL_FASTQ_DUMP_COMPRESS (ERR4648981)	CACHED	0	4	3514	71.5	95330304	95928320	7213056
254	a4/fe29cb	PARALLEL_FASTQ_DUMP	ERR4648983	PARALLEL_FASTQ_DUMP (ERR4648983)	CACHED	0	4	789	83.2	15712256	15712256	0
261	fd/55ed43	SRA_DUMP_COMPRESS	ERR4648986	SRA_DUMP_COMPRESS (ERR4648986)	CACHED	0	4	1120	188.1	11378688	11378688	0
263	35/18349b	PARALLEL_FASTQ_DUMP_COMPRESS	ERR4648984	PARALLEL_FASTQ_DUMP_COMPRESS (ERR4648984)	CACHED	0	4	3846	69.2	95559680	95793152	7958528
262	f3/9b3ec0	PARALLEL_FASTQ_DUMP	ERR4648981	PARALLEL_FASTQ_DUMP (ERR4648981)	CACHED	0	4	815	83.0	15507456	15507456	0
265	63/a5efda	SRA_DUMP_COMPRESS	ERR4648987	SRA_DUMP_COMPRESS (ERR4648987)	CACHED	0	4	1190	202.1	11681792	11681792	0
266	89/72b155	PARALLEL_FASTQ_DUMP_COMPRESS	ERR4648985	PARALLEL_FASTQ_DUMP_COMPRESS (ERR4648985)	CACHED	0	4	1408	202.0	24035328	24035328	7368704
267	2b/3b6433	PARALLEL_FASTQ_DUMP	ERR4648984	PARALLEL_FASTQ_DUMP (ERR4648984)	CACHED	0	4	795	84.0	15785984	15785984	0
269	25/053940	SRA_DUMP_COMPRESS	ERR4648988	SRA_DUMP_COMPRESS (ERR4648988)	CACHED	0	4	1114	189.8	11304960	11304960	0
270	5f/9d3fab	PARALLEL_FASTQ_DUMP_COMPRESS	ERR4648986	PARALLEL_FASTQ_DUMP_COMPRESS (ERR4648986)	CACHED	0	4	6560	34.2	95326208	95354880	6602752
271	59/74558b	PARALLEL_FASTQ_DUMP	ERR4648985	PARALLEL_FASTQ_DUMP (ERR4648985)	CACHED	0	4	812	81.6	15708160	15708160	0
273	08/662667	SRA_DUMP_COMPRESS	ERR4648989	SRA_DUMP_COMPRESS (ERR4648989)	CACHED	0	4	1098	185.4	11231232	11231232	0
275	58/1b034a	PARALLEL_FASTQ_DUMP_COMPRESS	ERR4648987	PARALLEL_FASTQ_DUMP_COMPRESS (ERR4648987)	CACHED	0	4	10996	23.7	94990336	95363072	7118848
276	9b/8b548f	PARALLEL_FASTQ_DUMP	ERR4648986	PARALLEL_FASTQ_DUMP (ERR4648986)	CACHED	0	4	776	78.2	15388672	15388672	0
277	0f/7b12c0	SRA_DUMP_COMPRESS	ERR4648990	SRA_DUMP_COMPRESS (ERR4648990)	CACHED	0	4	1181	200.8	11358208	11358208	0
279	09/0d4573	PARALLEL_FASTQ_DUMP_COMPRESS	ERR4648988	PARALLEL_FASTQ_DUMP_COMPRESS (ERR4648988)	CACHED	0	4	2961	78.1	94474240	95264768	6279168
281	b5/3bfb27	SRA_DUMP_COMPRESS	ERR4648992	SRA_DUMP_COMPRESS (ERR4648992)	CACHED	0	4	1188	199.8	11567104	11567104	0
280	c4/f0ed3a	PARALLEL_FASTQ_DUMP	ERR4648987	PARALLEL_FASTQ_DUMP (ERR4648987)	CACHED	0	4	788	82.6	15437824	15437824	0
285	dd/2ac80b	PARALLEL_FASTQ_DUMP	ERR4648988	PARALLEL_FASTQ_DUMP (ERR4648988)	CACHED	0	4	771	73.2	15548416	15548416	0
287	06/cf91c1	PARALLEL_FASTQ_DUMP	ERR4648989	PARALLEL_FASTQ_DUMP (ERR4648989)	CACHED	0	4	767	77.6	15740928	15740928	0
284	1b/d86330	SRA_DUMP_COMPRESS	ERR4648991	SRA_DUMP_COMPRESS (ERR4648991)	CACHED	0	4	1212	205.3	11304960	11304960	0
283	e8/c6e6b1	PARALLEL_FASTQ_DUMP_COMPRESS	ERR4648989	PARALLEL_FASTQ_DUMP_COMPRESS (ERR4648989)	CACHED	0	4	2492	88.6	74928128	75636736	6307840
289	3e/5302c4	PARALLEL_FASTQ_DUMP	ERR4648990	PARALLEL_FASTQ_DUMP (ERR4648990)	CACHED	0	4	795	86.9	15814656	15814656	0
292	85/49a752	PARALLEL_FASTQ_DUMP	ERR4648992	PARALLEL_FASTQ_DUMP (ERR4648992)	CACHED	0	4	807	85.7	15822848	15822848	0
291	bc/0e7611	SRA_DUMP_COMPRESS	ERR4648993	SRA_DUMP_COMPRESS (ERR4648993)	CACHED	0	4	1191	196.6	11472896	11472896	0
293	fd/1820a9	PARALLEL_FASTQ_DUMP_COMPRESS	ERR4648990	PARALLEL_FASTQ_DUMP_COMPRESS (ERR4648990)	CACHED	0	4	1397	198.1	35311616	35401728	7950336
295	88/cb354a	SRA_DUMP_COMPRESS	ERR4648994	SRA_DUMP_COMPRESS (ERR4648994)	CACHED	0	4	1185	194.4	11403264	11403264	0
296	e9/dd7f0e	PARALLEL_FASTQ_DUMP	ERR4648991	PARALLEL_FASTQ_DUMP (ERR4648991)	CACHED	0	4	791	87.2	15736832	15736832	0
298	e6/c22a78	PARALLEL_FASTQ_DUMP_COMPRESS	ERR4648992	PARALLEL_FASTQ_DUMP_COMPRESS (ERR4648992)	CACHED	0	4	1392	197.9	35561472	35696640	7811072
300	93/7831c2	SRA_DUMP_COMPRESS	ERR4648995	SRA_DUMP_COMPRESS (ERR4648995)	CACHED	0	4	1162	189.4	11526144	11526144	0
301	54/037d27	PARALLEL_FASTQ_DUMP	ERR4648993	PARALLEL_FASTQ_DUMP (ERR4648993)	CACHED	0	4	806	84.6	15429632	15429632	0
302	0d/e481f7	PARALLEL_FASTQ_DUMP_COMPRESS	ERR4648991	PARALLEL_FASTQ_DUMP_COMPRESS (ERR4648991)	CACHED	0	4	1391	202.9	35340288	35340288	8290304
304	d1/7af731	SRA_DUMP_COMPRESS	ERR4648997	SRA_DUMP_COMPRESS (ERR4648997)	CACHED	0	4	1191	193.3	11264000	11264000	0
305	7e/11f16b	PARALLEL_FASTQ_DUMP	ERR4648994	PARALLEL_FASTQ_DUMP (ERR4648994)	CACHED	0	4	788	82.1	15536128	15536128	0
308	4f/2c11e3	SRA_DUMP_COMPRESS	ERR4648999	SRA_DUMP_COMPRESS (ERR4648999)	CACHED	0	4	1175	198.3	11452416	11452416	0
309	ee/d60a97	PARALLEL_FASTQ_DUMP	ERR4648995	PARALLEL_FASTQ_DUMP (ERR4648995)	CACHED	0	4	778	82.3	15724544	15724544	0
306	3e/e556d4	PARALLEL_FASTQ_DUMP_COMPRESS	ERR4648993	PARALLEL_FASTQ_DUMP_COMPRESS (ERR4648993)	CACHED	0	4	1389	193.7	35278848	35504128	8159232
313	76/bd2742	PARALLEL_FASTQ_DUMP_COMPRESS	ERR4648994	PARALLEL_FASTQ_DUMP_COMPRESS (ERR4648994)	CACHED	0	4	1389	191.2	34947072	35352576	7565312
312	0f/b32ea4	PARALLEL_FASTQ_DUMP	ERR4648997	PARALLEL_FASTQ_DUMP (ERR4648997)	CACHED	0	4	796	82.9	15654912	15654912	0
310	f5/51b1c1	SRA_DUMP_COMPRESS	ERR4648996	SRA_DUMP_COMPRESS (ERR4648996)	CACHED	0	4	1184	196.6	11341824	11341824	0
316	9b/41b17e	PARALLEL_FASTQ_DUMP	ERR4648999	PARALLEL_FASTQ_DUMP (ERR4648999)	CACHED	0	4	776	77.0	15654912	15654912	0
317	59/780cab	SRA_DUMP_COMPRESS	ERR4649001	SRA_DUMP_COMPRESS (ERR4649001)	CACHED	0	4	1158	191.6	11403264	11403264	0
315	7d/c77336	PARALLEL_FASTQ_DUMP_COMPRESS	ERR4648995	PARALLEL_FASTQ_DUMP_COMPRESS (ERR4648995)	CACHED	0	4	1378	188.7	24076288	24076288	7274496
320	8d/738db4	PARALLEL_FASTQ_DUMP	ERR4648996	PARALLEL_FASTQ_DUMP (ERR4648996)	CACHED	0	4	777	85.2	15675392	15675392	0
322	17/01e113	PARALLEL_FASTQ_DUMP_COMPRESS	ERR4648997	PARALLEL_FASTQ_DUMP_COMPRESS (ERR4648997)	CACHED	0	4	1381	192.3	35254272	35573760	7360512
321	67/129390	SRA_DUMP_COMPRESS	ERR4649002	SRA_DUMP_COMPRESS (ERR4649002)	CACHED	0	4	1190	194.6	11382784	11382784	0
324	66/52b074	PARALLEL_FASTQ_DUMP	ERR4649001	PARALLEL_FASTQ_DUMP (ERR4649001)	CACHED	0	4	769	83.0	15597568	15597568	0
326	35/13da0d	SRA_DUMP_COMPRESS	ERR4649000	SRA_DUMP_COMPRESS (ERR4649000)	CACHED	0	4	1217	202.9	11268096	11268096	0
325	7c/19985f	PARALLEL_FASTQ_DUMP_COMPRESS	ERR4648999	PARALLEL_FASTQ_DUMP_COMPRESS (ERR4648999)	CACHED	0	4	1380	199.3	24195072	24195072	6729728
328	58/ccdd6d	PARALLEL_FASTQ_DUMP	ERR4649002	PARALLEL_FASTQ_DUMP (ERR4649002)	CACHED	0	4	799	82.8	15589376	15589376	0
329	c9/28b843	SRA_DUMP_COMPRESS	ERR4649003	SRA_DUMP_COMPRESS (ERR4649003)	CACHED	0	4	1189	198.3	11603968	11603968	0
330	d0/f6b15b	PARALLEL_FASTQ_DUMP_COMPRESS	ERR4648996	PARALLEL_FASTQ_DUMP_COMPRESS (ERR4648996)	CACHED	0	4	1406	195.2	35250176	35516416	7712768
332	40/8e333c	PARALLEL_FASTQ_DUMP	ERR4649000	PARALLEL_FASTQ_DUMP (ERR4649000)	CACHED	0	4	793	85.5	15691776	15691776	0
334	b6/743b3e	SRA_DUMP_COMPRESS	ERR4649006	SRA_DUMP_COMPRESS (ERR4649006)	CACHED	0	4	1210	205.4	11558912	11558912	0
335	99/eb463b	PARALLEL_FASTQ_DUMP	ERR4649003	PARALLEL_FASTQ_DUMP (ERR4649003)	CACHED	0	4	825	85.9	15597568	15597568	0
336	06/99770f	PARALLEL_FASTQ_DUMP_COMPRESS	ERR4649001	PARALLEL_FASTQ_DUMP_COMPRESS (ERR4649001)	CACHED	0	4	1383	189.0	23994368	23994368	7569408
338	7f/61d94e	SRA_DUMP_COMPRESS	ERR4649005	SRA_DUMP_COMPRESS (ERR4649005)	CACHED	0	4	1308	215.8	11554816	11554816	0
340	4d/4312c1	PARALLEL_FASTQ_DUMP	ERR4649006	PARALLEL_FASTQ_DUMP (ERR4649006)	CACHED	0	4	777	82.1	15429632	15429632	0
341	0b/b4e903	SRA_DUMP_COMPRESS	ERR4649007	SRA_DUMP_COMPRESS (ERR4649007)	CACHED	0	4	1114	188.1	11350016	11350016	0
342	a0/dd3b78	PARALLEL_FASTQ_DUMP_COMPRESS	ERR4649002	PARALLEL_FASTQ_DUMP_COMPRESS (ERR4649002)	CACHED	0	4	1385	192.0	35278848	35520512	7479296
344	9b/0591c0	PARALLEL_FASTQ_DUMP	ERR4649005	PARALLEL_FASTQ_DUMP (ERR4649005)	CACHED	0	4	774	84.5	15630336	15630336	0
345	8d/55a84c	SRA_DUMP_COMPRESS	ERR4649008	SRA_DUMP_COMPRESS (ERR4649008)	CACHED	0	4	1160	191.4	11304960	11304960	0
348	f2/b28093	PARALLEL_FASTQ_DUMP	ERR4649007	PARALLEL_FASTQ_DUMP (ERR4649007)	CACHED	0	4	767	80.2	15581184	15581184	0
347	b2/7f51ae	PARALLEL_FASTQ_DUMP_COMPRESS	ERR4649000	PARALLEL_FASTQ_DUMP_COMPRESS (ERR4649000)	CACHED	0	4	1392	199.7	35360768	35360768	8310784
349	14/1d8d75	SRA_DUMP_COMPRESS	ERR4649004	SRA_DUMP_COMPRESS (ERR4649004)	CACHED	0	4	1085	183.0	11534336	11534336	0
351	2d/bfc59e	PARALLEL_FASTQ_DUMP	ERR4649008	PARALLEL_FASTQ_DUMP (ERR4649008)	CACHED	0	4	824	74.8	15622144	15622144	1630208
353	65/0748b5	SRA_DUMP_COMPRESS	DRR000022	SRA_DUMP_COMPRESS (DRR000022)	CACHED	0	4	42218	384.9	156839936	158732288	0
352	29/813e42	PARALLEL_FASTQ_DUMP_COMPRESS	ERR4649003	PARALLEL_FASTQ_DUMP_COMPRESS (ERR4649003)	CACHED	0	4	1372	192.1	35241984	35241984	7806976
355	66/f4d490	PARALLEL_FASTQ_DUMP	ERR4649004	PARALLEL_FASTQ_DUMP (ERR4649004)	CACHED	0	4	769	80.7	15675392	15675392	0
356	05/0e0a70	SRA_DUMP_COMPRESS	ERR4649009	SRA_DUMP_COMPRESS (ERR4649009)	CACHED	0	4	1207	201.9	11452416	11452416	0
358	a3/5709c0	PARALLEL_FASTQ_DUMP_COMPRESS	ERR4649006	PARALLEL_FASTQ_DUMP_COMPRESS (ERR4649006)	CACHED	0	4	1495	177.3	94666752	95809536	7835648
359	47/b0bcd5	PARALLEL_FASTQ_DUMP	DRR000022	PARALLEL_FASTQ_DUMP (DRR000022)	CACHED	0	4	15645	351.4	212361216	215511040	0
360	c2/b6acf3	SRA_DUMP_COMPRESS	DRR000023	SRA_DUMP_COMPRESS (DRR000023)	CACHED	0	4	38709	385.5	155574272	166039552	0
363	35/a989c7	PARALLEL_FASTQ_DUMP	ERR4649009	PARALLEL_FASTQ_DUMP (ERR4649009)	CACHED	0	4	775	83.0	15507456	15507456	0
362	02/bb33af	PARALLEL_FASTQ_DUMP_COMPRESS	ERR4649005	PARALLEL_FASTQ_DUMP_COMPRESS (ERR4649005)	CACHED	0	4	1402	214.2	75460608	75694080	8658944
368	c7/43661b	PARALLEL_FASTQ_DUMP_COMPRESS	ERR4649007	PARALLEL_FASTQ_DUMP_COMPRESS (ERR4649007)	CACHED	0	4	1365	186.3	15691776	15691776	6737920
371	a2/c840c2	PARALLEL_FASTQ_DUMP_COMPRESS	ERR4649008	PARALLEL_FASTQ_DUMP_COMPRESS (ERR4649008)	CACHED	0	4	1352	188.5	35180544	35581952	6889472
372	f0/25bf9c	PARALLEL_FASTQ_DUMP_COMPRESS	ERR4649004	PARALLEL_FASTQ_DUMP_COMPRESS (ERR4649004)	CACHED	0	4	1318	183.6	15781888	15781888	6959104
375	9d/71b642	PARALLEL_FASTQ_DUMP_COMPRESS	DRR000022	PARALLEL_FASTQ_DUMP_COMPRESS (DRR000022)	CACHED	0	4	49464	380.4	212750336	217165824	317263872
379	3d/a8fae3	PARALLEL_FASTQ_DUMP_COMPRESS	ERR4649009	PARALLEL_FASTQ_DUMP_COMPRESS (ERR4649009)	CACHED	0	4	1391	200.4	44388352	44388352	7438336
384	05/fc3bc6	PARALLEL_FASTQ_DUMP_COMPRESS	DRR000023	PARALLEL_FASTQ_DUMP_COMPRESS (DRR000023)	CACHED	0	4	45507	378.9	215474176	219942912	250908672
214	a4/573744	SRA_DUMP	DRR000428	SRA_DUMP (DRR000428)	COMPLETED	0	4	146587	158.8	161112064	164597760	115101696
203	ff/49eb55	PARALLEL_FASTQ_DUMP	DRR000428	PARALLEL_FASTQ_DUMP (DRR000428)	COMPLETED	0	4	193490	193.3	226197504	246272000	0
220	d8/aafd1b	PARALLEL_FASTQ_DUMP_COMPRESS	DRR000428	PARALLEL_FASTQ_DUMP_COMPRESS (DRR000428)	COMPLETED	0	4	731013	395.6	231796736	242520064	4096
227	ba/26c7f9	SRA_DUMP_COMPRESS	DRR000428	SRA_DUMP_COMPRESS (DRR000428)	COMPLETED	0	4	834186	333.4	159731712	164290560	325980160
236	67/0bc07a	SRA_DUMP	ERR4648980	SRA_DUMP (ERR4648980)	COMPLETED	0	4	1132	32.6	11341824	11341824	8101888
239	c3/589594	SRA_DUMP	ERR4648982	SRA_DUMP (ERR4648982)	COMPLETED	0	4	745	54.6	11509760	11509760	7335936
243	8f/6d1357	SRA_DUMP	DRR000427	SRA_DUMP (DRR000427)	COMPLETED	0	4	234605	120.6	158371840	165085184	9644195840
244	8f/36d9ed	SRA_DUMP_COMPRESS	DRR000427	SRA_DUMP_COMPRESS (DRR000427)	COMPLETED	0	4	1001130	335.6	157212672	164032512	45056
247	ec/e49e85	SRA_DUMP	ERR4648983	SRA_DUMP (ERR4648983)	COMPLETED	0	4	801	56.7	11255808	11255808	8572928
249	2e/27b6d8	PARALLEL_FASTQ_DUMP_COMPRESS	DRR000427	PARALLEL_FASTQ_DUMP_COMPRESS (DRR000427)	COMPLETED	0	4	902905	389.2	234618880	249278464	885841920
250	c4/96f8f1	SRA_DUMP	ERR4648981	SRA_DUMP (ERR4648981)	COMPLETED	0	4	2830	19.4	35434496	51687424	7221248
246	28/d8b728	PARALLEL_FASTQ_DUMP	DRR000427	PARALLEL_FASTQ_DUMP (DRR000427)	COMPLETED	0	4	247049	185.4	228483072	245563392	0
253	9a/7d2767	SRA_DUMP	ERR4648984	SRA_DUMP (ERR4648984)	COMPLETED	0	4	4055	14.3	24223744	24223744	8712192
257	94/9b3139	SRA_DUMP	ERR4648985	SRA_DUMP (ERR4648985)	COMPLETED	0	4	5700	9.0	49065984	53706752	7372800
259	d5/9898a4	SRA_DUMP	ERR4648986	SRA_DUMP (ERR4648986)	COMPLETED	0	4	5227	9.3	29818880	29818880	6602752
260	ba/b85864	SRA_DUMP	ERR4648987	SRA_DUMP (ERR4648987)	COMPLETED	0	4	2760	20.8	45535232	50593792	7122944
264	f1/08cdc2	SRA_DUMP	ERR4648988	SRA_DUMP (ERR4648988)	COMPLETED	0	4	2258	21.2	24195072	24195072	6279168
268	5c/5c5bcd	SRA_DUMP	ERR4648989	SRA_DUMP (ERR4648989)	COMPLETED	0	4	2413	19.1	51855360	51855360	6307840
272	ff/2e844f	SRA_DUMP	ERR4648990	SRA_DUMP (ERR4648990)	COMPLETED	0	4	2309	22.6	18407424	18407424	7954432
274	9c/79fb1d	SRA_DUMP	ERR4648992	SRA_DUMP (ERR4648992)	COMPLETED	0	4	3133	15.6	46497792	51367936	7815168
278	a4/d829fa	SRA_DUMP	ERR4648991	SRA_DUMP (ERR4648991)	COMPLETED	0	4	2867	21.0	23941120	23941120	8294400
282	1a/4e55f3	SRA_DUMP	ERR4648993	SRA_DUMP (ERR4648993)	COMPLETED	0	4	2845	20.0	26079232	26079232	8159232
286	4d/0dec1a	SRA_DUMP	ERR4648994	SRA_DUMP (ERR4648994)	COMPLETED	0	4	2411	27.0	18194432	18194432	7700480
288	65/e07b20	SRA_DUMP	ERR4648995	SRA_DUMP (ERR4648995)	COMPLETED	0	4	3849	14.5	38428672	49405952	7274496
290	b0/db91ac	SRA_DUMP	ERR4648997	SRA_DUMP (ERR4648997)	COMPLETED	0	4	3696	14.6	24064000	24064000	7364608
294	4a/6e9617	SRA_DUMP	ERR4648999	SRA_DUMP (ERR4648999)	COMPLETED	0	4	4998	9.6	24072192	24072192	6733824
297	c5/807a7b	SRA_DUMP	ERR4648996	SRA_DUMP (ERR4648996)	COMPLETED	0	4	2840	21.3	47423488	54009856	7712768
299	fe/504dee	SRA_DUMP	ERR4649001	SRA_DUMP (ERR4649001)	COMPLETED	0	4	4336	13.1	41934848	53440512	7573504
303	97/2864df	SRA_DUMP	ERR4649002	SRA_DUMP (ERR4649002)	COMPLETED	0	4	3786	15.0	45539328	45539328	7479296
307	c1/6be24b	SRA_DUMP	ERR4649000	SRA_DUMP (ERR4649000)	COMPLETED	0	4	1348	38.6	52469760	52469760	8310784
311	14/8da2aa	SRA_DUMP	ERR4649003	SRA_DUMP (ERR4649003)	COMPLETED	0	4	2712	20.7	47648768	53460992	7806976
314	76/ab94ea	SRA_DUMP	ERR4649006	SRA_DUMP (ERR4649006)	COMPLETED	0	4	3649	14.8	36638720	53387264	7839744
318	48/a581f0	SRA_DUMP	ERR4649005	SRA_DUMP (ERR4649005)	COMPLETED	0	4	3837	15.5	46264320	52367360	8663040
319	a4/6c6f30	SRA_DUMP	ERR4649007	SRA_DUMP (ERR4649007)	COMPLETED	0	4	2372	20.7	34856960	52019200	6811648
323	fb/96b4a0	SRA_DUMP	ERR4649008	SRA_DUMP (ERR4649008)	COMPLETED	0	4	2762	17.4	18083840	18083840	6893568
327	8b/ae5ab6	SRA_DUMP	ERR4649004	SRA_DUMP (ERR4649004)	COMPLETED	0	4	3259	15.6	11280384	11280384	6959104
331	4c/ea535e	SRA_DUMP	DRR000022	SRA_DUMP (DRR000022)	COMPLETED	0	4	28782	89.6	157384704	157995008	345833472
333	ae/c53b34	SRA_DUMP	ERR4649009	SRA_DUMP (ERR4649009)	COMPLETED	0	4	762	52.9	11452416	11452416	7438336
337	24/e8fdcb	SRA_DUMP	DRR000023	SRA_DUMP (DRR000023)	COMPLETED	0	4	9855	233.8	158998528	161710080	316755968
339	c3/611ee5	SRA_DUMP	DRR000026	SRA_DUMP (DRR000026)	COMPLETED	0	4	15240	303.4	152526848	155000832	692789248
343	c9/0d25d2	SRA_DUMP	DRR000024	SRA_DUMP (DRR000024)	COMPLETED	0	4	30409	125.8	161189888	163893248	573222912
346	d0/52ec86	SRA_DUMP	DRR000025	SRA_DUMP (DRR000025)	COMPLETED	0	4	51882	83.2	149676032	150487040	691793920
350	f3/96480f	SRA_DUMP	DRR000028	SRA_DUMP (DRR000028)	COMPLETED	0	4	65076	59.5	158154752	160317440	595423232
354	b4/a33e8b	SRA_DUMP	DRR000027	SRA_DUMP (DRR000027)	COMPLETED	0	4	15839	301.7	156643328	156643328	809414656
357	a5/cfc5b2	SRA_DUMP	DRR000029	SRA_DUMP (DRR000029)	COMPLETED	0	4	17676	275.1	151621632	152166400	802123776
361	92/7b68c8	SRA_DUMP	DRR000091	SRA_DUMP (DRR000091)	COMPLETED	0	4	110969	77.6	156647424	156917760	1777373184
364	90/f4a192	SRA_DUMP_COMPRESS	DRR000026	SRA_DUMP_COMPRESS (DRR000026)	COMPLETED	0	4	79995	385.1	154267648	156893184	135168
365	de/d8c182	SRA_DUMP	DRR000030	SRA_DUMP (DRR000030)	COMPLETED	0	4	35500	104.3	155873280	158060544	586543104
366	23/9e14f8	SRA_DUMP_COMPRESS	DRR000024	SRA_DUMP_COMPRESS (DRR000024)	COMPLETED	0	4	63581	386.5	158113792	164036608	0
367	e4/cbae0c	PARALLEL_FASTQ_DUMP	DRR000023	PARALLEL_FASTQ_DUMP (DRR000023)	COMPLETED	0	4	14471	342.7	215146496	221401088	1609728
369	f4/f3a75f	SRA_DUMP_COMPRESS	DRR000025	SRA_DUMP_COMPRESS (DRR000025)	COMPLETED	0	4	74221	387.4	150282240	151113728	0
370	6b/ca6947	PARALLEL_FASTQ_DUMP	DRR000026	PARALLEL_FASTQ_DUMP (DRR000026)	COMPLETED	0	4	27716	355.3	209338368	213950464	122880
373	a5/b43a64	SRA_DUMP_COMPRESS	DRR000028	SRA_DUMP_COMPRESS (DRR000028)	COMPLETED	0	4	63464	385.3	155164672	159760384	90112
374	7c/5d82a7	PARALLEL_FASTQ_DUMP	DRR000024	PARALLEL_FASTQ_DUMP (DRR000024)	COMPLETED	0	4	23754	347.6	214257664	221671424	12288
376	4f/847f0b	SRA_DUMP_COMPRESS	DRR000027	SRA_DUMP_COMPRESS (DRR000027)	COMPLETED	0	4	83542	387.5	155951104	160530432	0
377	5d/6f36a6	PARALLEL_FASTQ_DUMP	DRR000025	PARALLEL_FASTQ_DUMP (DRR000025)	COMPLETED	0	4	25925	355.7	207351808	209793024	0
378	62/071d21	SRA_DUMP_COMPRESS	DRR000029	SRA_DUMP_COMPRESS (DRR000029)	COMPLETED	0	4	81800	385.8	151949312	152399872	0
380	a0/e5e09c	PARALLEL_FASTQ_DUMP	DRR000028	PARALLEL_FASTQ_DUMP (DRR000028)	COMPLETED	0	4	23146	348.1	211750912	219320320	0
381	09/023ad2	SRA_DUMP_COMPRESS	DRR000091	SRA_DUMP_COMPRESS (DRR000091)	COMPLETED	0	4	154495	389.1	159350784	161517568	0
382	6c/53720c	PARALLEL_FASTQ_DUMP	DRR000027	PARALLEL_FASTQ_DUMP (DRR000027)	COMPLETED	0	4	28271	357.5	209285120	212676608	303104
383	5e/ca2539	SRA_DUMP_COMPRESS	DRR000030	SRA_DUMP_COMPRESS (DRR000030)	COMPLETED	0	4	61373	384.7	157655040	158580736	0
385	83/59c571	PARALLEL_FASTQ_DUMP	DRR000029	PARALLEL_FASTQ_DUMP (DRR000029)	COMPLETED	0	4	29487	346.5	205275136	205893632	0
386	5f/d68d08	PARALLEL_FASTQ_DUMP	DRR000091	PARALLEL_FASTQ_DUMP (DRR000091)	COMPLETED	0	4	50061	355.4	218615808	221642752	0
387	d4/dbbb1e	PARALLEL_FASTQ_DUMP_COMPRESS	DRR000026	PARALLEL_FASTQ_DUMP_COMPRESS (DRR000026)	COMPLETED	0	4	137651	259.5	210657280	215273472	37396480
388	9a/3e90bc	PARALLEL_FASTQ_DUMP	DRR000030	PARALLEL_FASTQ_DUMP (DRR000030)	COMPLETED	0	4	22414	349.4	210157568	216616960	0
389	9c/43c615	PARALLEL_FASTQ_DUMP_COMPRESS	DRR000024	PARALLEL_FASTQ_DUMP_COMPRESS (DRR000024)	COMPLETED	0	4	94277	302.2	217358336	223330304	32940032
390	49/fbc486	PARALLEL_FASTQ_DUMP_COMPRESS	DRR000025	PARALLEL_FASTQ_DUMP_COMPRESS (DRR000025)	COMPLETED	0	4	90672	366.4	208424960	211668992	40648704
391	65/f8560a	PARALLEL_FASTQ_DUMP_COMPRESS	DRR000028	PARALLEL_FASTQ_DUMP_COMPRESS (DRR000028)	COMPLETED	0	4	78468	361.8	216801280	221405184	35127296
392	5b/42f71e	PARALLEL_FASTQ_DUMP_COMPRESS	DRR000027	PARALLEL_FASTQ_DUMP_COMPRESS (DRR000027)	COMPLETED	0	4	99663	373.7	210317312	214118400	48795648
393	d9/4740e8	PARALLEL_FASTQ_DUMP_COMPRESS	DRR000029	PARALLEL_FASTQ_DUMP_COMPRESS (DRR000029)	COMPLETED	0	4	98754	369.9	205348864	208121856	48009216
394	62/a22ab9	PARALLEL_FASTQ_DUMP_COMPRESS	DRR000091	PARALLEL_FASTQ_DUMP_COMPRESS (DRR000091)	COMPLETED	0	4	177627	389.0	222150656	223502336	59846656
395	c2/345f24	PARALLEL_FASTQ_DUMP_COMPRESS	DRR000030	PARALLEL_FASTQ_DUMP_COMPRESS (DRR000030)	COMPLETED	0	4	71126	383.9	209960960	215072768	8192
